second,dca_frames,dca_packets,dca_dropped_packets,dca_dropped_packet_events,dca_rx_overrun_count_cum,serial_headers,tlv_frames,tlv_missed_frames,cpu_pct,rss_kb
1,0,0,0,0,0,11,11,0,0.0,4720
2,0,0,0,0,0,10,10,0,1.0,4720
3,0,0,0,0,0,9,9,0,0.0,4720
4,0,0,0,0,0,11,11,0,1.0,4720
5,0,0,0,0,0,10,10,0,0.0,4720
6,0,0,0,0,0,9,9,0,1.0,4720
7,0,0,0,0,0,11,11,0,1.0,4720
8,0,0,0,0,0,10,10,0,1.0,4720
9,0,0,0,0,0,9,9,0,0.0,4720
10,0,0,0,0,0,11,11,0,0.0,4720
11,0,0,0,0,0,10,10,0,2.0,4720
12,0,0,0,0,0,9,9,0,0.0,4720
13,0,0,0,0,0,11,11,0,0.0,4720
14,0,0,0,0,0,10,10,0,1.0,4720
15,0,0,0,0,0,9,9,0,0.0,4720
16,0,0,0,0,0,11,11,0,1.0,4720
17,0,0,0,0,0,10,10,0,1.0,4720
18,0,0,0,0,0,9,9,0,0.0,4720
19,0,0,0,0,0,11,11,0,1.0,4720
20,0,0,0,0,0,10,10,0,1.0,4720
21,0,0,0,0,0,9,9,0,0.0,4720
22,0,0,0,0,0,11,11,0,0.0,4720
23,0,0,0,0,0,10,10,0,1.0,4720
24,0,0,0,0,0,9,9,0,1.0,4720
25,0,0,0,0,0,11,11,0,0.0,4720
26,0,0,0,0,0,10,10,0,1.0,4720
27,0,0,0,0,0,9,9,0,0.0,4720
28,0,0,0,0,0,11,11,0,1.0,4720
29,0,0,0,0,0,10,10,0,1.0,4720
30,0,0,0,0,0,9,9,0,0.0,4720
31,0,0,0,0,0,11,11,0,0.0,4720
32,0,0,0,0,0,11,10,4294967294,1.0,4720
33,0,0,0,0,0,9,9,-4294967294,1.0,4720
34,0,0,0,0,0,11,11,0,0.0,4720
35,0,0,0,0,0,10,10,0,0.0,4720
36,0,0,0,0,0,9,9,0,1.0,4720
37,0,0,0,0,0,11,11,0,1.0,4720
38,0,0,0,0,0,10,9,0,1.0,4720
39,0,0,0,0,0,9,10,0,0.0,4720
40,0,0,0,0,0,11,11,0,0.0,4720
41,0,0,0,0,0,10,10,0,2.0,4720
42,0,0,0,0,0,9,9,0,0.0,4720
43,0,0,0,0,0,11,11,0,0.0,4720
44,0,0,0,0,0,10,9,0,0.0,4720
45,0,0,0,0,0,9,10,0,1.0,4720
46,0,0,0,0,0,11,11,0,1.0,4720
47,0,0,0,0,0,10,10,0,0.0,4720
48,0,0,0,0,0,9,9,0,1.0,4720
49,0,0,0,0,0,11,11,0,0.0,4720
50,0,0,0,0,0,10,10,0,1.0,4720
51,0,0,0,0,0,9,9,0,1.1,4720
52,0,0,0,0,0,11,11,0,0.0,4720
53,0,0,0,0,0,10,10,0,1.0,4720
54,0,0,0,0,0,9,9,0,0.0,4720
55,0,0,0,0,0,11,11,0,1.0,4720
56,0,0,0,0,0,10,10,0,0.0,4720
57,0,0,0,0,0,9,9,0,1.1,4720
58,0,0,0,0,0,11,11,0,1.0,4720
59,0,0,0,0,0,10,10,0,0.0,4720
60,0,0,0,0,0,9,9,0,0.0,4720
